epoch,time,train/box_loss,train/cls_loss,train/dfl_loss,metrics/precision(B),metrics/recall(B),metrics/mAP50(B),metrics/mAP50-95(B),val/box_loss,val/cls_loss,val/dfl_loss,lr/pg0,lr/pg1,lr/pg2
1,7.66277,2.62326,2.69752,2.69646,0.01,0.75,0.10294,0.04392,1.94048,2.91746,2.11856,0,0,0
2,11.6003,2.17706,2.84098,2.33741,0.01,0.75,0.09656,0.04245,1.93391,2.90484,2.10658,1.9802e-05,1.9802e-05,1.9802e-05
3,15.2082,2.02568,2.75139,2.20672,0.01,0.75,0.09507,0.04286,1.90871,2.8899,2.09218,3.9208e-05,3.9208e-05,3.9208e-05
4,18.9024,1.88378,2.71823,2.03963,0.01,0.75,0.10896,0.05176,1.88913,2.84469,2.06005,5.8218e-05,5.8218e-05,5.8218e-05
5,22.5901,1.98838,2.69601,2.18106,0.01,0.75,0.09149,0.03558,1.98068,2.79636,2.1476,7.6832e-05,7.6832e-05,7.6832e-05
6,25.9117,2.20739,2.69761,2.40673,0.01,0.75,0.09143,0.03094,1.95863,2.78701,2.13645,9.505e-05,9.505e-05,9.505e-05
7,29.9528,1.76884,2.51712,1.94787,0.01,0.75,0.10129,0.03959,1.93474,2.82322,2.11914,0.000112872,0.000112872,0.000112872
8,34.6437,1.95171,2.68999,2.10394,0.00833,0.625,0.0847,0.03398,1.96311,2.74135,2.09588,0.000130298,0.000130298,0.000130298
9,39.0217,2.04645,2.57467,2.12272,0.00833,0.625,0.1383,0.05122,1.99271,2.68253,2.10862,0.000147328,0.000147328,0.000147328
10,43.1454,1.71318,2.50412,1.90151,0.00833,0.625,0.12673,0.06408,2.03658,2.67747,2.14178,0.000163962,0.000163962,0.000163962
11,47.0323,1.6753,2.47868,1.95059,0.01,0.75,0.17327,0.06599,2.18944,2.6846,2.161,0.0001802,0.0001802,0.0001802
12,50.6037,1.80572,2.51614,2.04572,0.01,0.75,0.25916,0.10501,2.25529,2.66275,2.1127,0.000196042,0.000196042,0.000196042
13,54.4113,1.74843,2.62528,2.13525,0.01,0.75,0.1462,0.06289,2.35454,2.66643,2.20131,0.000211488,0.000211488,0.000211488
14,60.3335,1.58752,2.36094,1.90244,0.01,0.75,0.13407,0.04367,2.38787,2.6653,2.31464,0.000226538,0.000226538,0.000226538
15,66.9156,1.68395,2.25462,1.88671,0.01,0.75,0.14716,0.04202,2.47464,2.64066,2.3498,0.000241192,0.000241192,0.000241192
16,73.5676,1.56573,2.20524,1.86725,0.01,0.75,0.16491,0.04046,2.51002,2.65654,2.51676,0.00025545,0.00025545,0.00025545
17,80.832,1.74605,2.31924,1.96867,0.01,0.75,0.2016,0.04556,2.47882,2.69657,2.46092,0.000269312,0.000269312,0.000269312
18,87.2654,1.64284,2.28417,1.90613,0.01,0.75,0.2016,0.04556,2.47882,2.69657,2.46092,0.000282778,0.000282778,0.000282778
19,93.6494,1.52475,2.18596,1.82322,0.00833,0.625,0.15818,0.04645,2.6332,2.62914,2.54805,0.000295848,0.000295848,0.000295848
20,99.8925,1.77585,2.3315,2.14286,0.00833,0.625,0.15818,0.04645,2.6332,2.62914,2.54805,0.000308522,0.000308522,0.000308522
21,106.295,1.77615,2.05771,1.9654,0.01,0.75,0.20971,0.05478,2.67899,2.61575,2.61925,0.0003208,0.0003208,0.0003208
22,113.612,1.45029,2.04132,1.7484,0.01,0.75,0.20971,0.05478,2.67899,2.61575,2.61925,0.000332682,0.000332682,0.000332682
23,118.824,1.65888,2.16665,1.84977,0.01,0.75,0.19609,0.06244,2.65132,2.65725,2.5895,0.000344168,0.000344168,0.000344168
24,122.231,1.61563,1.87973,1.87906,0.01,0.75,0.19609,0.06244,2.65132,2.65725,2.5895,0.000355258,0.000355258,0.000355258
25,125.459,1.551,1.93778,1.69901,0.01,0.75,0.17881,0.06555,2.51179,2.62497,2.46772,0.000365952,0.000365952,0.000365952
26,130.434,1.45873,2.19765,1.89294,0.01,0.75,0.17881,0.06555,2.51179,2.62497,2.46772,0.00037625,0.00037625,0.00037625
27,137.89,1.74586,2.00637,1.92233,0.01,0.75,0.18476,0.06876,2.68042,2.70149,2.84602,0.000386152,0.000386152,0.000386152
28,146.036,1.46808,1.82426,1.76424,0.01,0.75,0.18476,0.06876,2.68042,2.70149,2.84602,0.000395658,0.000395658,0.000395658
29,152.439,1.44254,1.8392,1.72955,0.01,0.75,0.13935,0.03473,2.93471,2.84533,3.24033,0.000404768,0.000404768,0.000404768
30,159.567,1.73285,2.09534,1.85015,0.01,0.75,0.13935,0.03473,2.93471,2.84533,3.24033,0.000413482,0.000413482,0.000413482
31,166.321,1.60545,2.09792,1.82073,0.01,0.75,0.19886,0.04451,2.97437,2.79291,3.0895,0.0004218,0.0004218,0.0004218
32,173.027,1.50076,1.86421,1.81149,0.01,0.75,0.19886,0.04451,2.97437,2.79291,3.0895,0.000429722,0.000429722,0.000429722
33,179.434,1.36322,1.80511,1.62818,0.01,0.75,0.14952,0.04229,2.81062,2.83528,3.06205,0.000437248,0.000437248,0.000437248
34,185.515,1.42552,1.82784,1.68673,0.01,0.75,0.14952,0.04229,2.81062,2.83528,3.06205,0.000444378,0.000444378,0.000444378
35,191.953,1.44534,1.69127,1.68649,0.01,0.75,0.22339,0.05716,2.75551,2.54009,3.04078,0.000451112,0.000451112,0.000451112
36,198.557,1.44085,1.94651,1.6619,0.01,0.75,0.22339,0.05716,2.75551,2.54009,3.04078,0.00045745,0.00045745,0.00045745
37,205.678,1.41915,1.67931,1.68907,0.01,0.75,0.20187,0.06658,2.51165,2.59022,2.60501,0.000463392,0.000463392,0.000463392
38,212.638,1.52186,1.74157,1.69999,0.01,0.75,0.20187,0.06658,2.51165,2.59022,2.60501,0.000468938,0.000468938,0.000468938
39,219.191,1.40918,2.02999,1.74505,0.15363,0.25,0.16963,0.05439,2.7088,2.55846,2.8891,0.000474088,0.000474088,0.000474088
40,225.492,1.21991,1.55923,1.42437,0.15363,0.25,0.16963,0.05439,2.7088,2.55846,2.8891,0.000478842,0.000478842,0.000478842
41,231.703,1.32593,1.67607,1.66978,0.22031,0.25,0.16759,0.05218,2.6822,2.58414,2.8699,0.0004832,0.0004832,0.0004832
42,238.403,1.22034,1.48097,1.44193,0.22031,0.25,0.16759,0.05218,2.6822,2.58414,2.8699,0.000487162,0.000487162,0.000487162
43,244.723,1.3507,1.47555,1.58441,0.19007,0.375,0.13756,0.05253,2.55903,2.51424,2.8715,0.000490728,0.000490728,0.000490728
44,250.82,1.28583,1.49325,1.55834,0.19007,0.375,0.13756,0.05253,2.55903,2.51424,2.8715,0.000493898,0.000493898,0.000493898
45,256.952,1.23759,1.4719,1.55997,0.18557,0.375,0.17575,0.05785,2.53659,2.47187,2.78731,0.000496672,0.000496672,0.000496672
46,263.085,1.42013,1.78236,1.73196,0.18557,0.375,0.17575,0.05785,2.53659,2.47187,2.78731,0.00049905,0.00049905,0.00049905
47,270.199,1.41634,1.49228,1.61171,0.14962,0.375,0.16895,0.05077,2.57251,2.73488,2.88514,0.000501032,0.000501032,0.000501032
48,276.568,1.60081,1.88841,1.95142,0.14962,0.375,0.16895,0.05077,2.57251,2.73488,2.88514,0.000502618,0.000502618,0.000502618
49,283.186,1.17413,1.45899,1.44003,0.2327,0.125,0.12142,0.02922,2.56763,2.90903,3.10788,0.000503808,0.000503808,0.000503808
50,289.655,1.37129,1.44268,1.5199,0.2327,0.125,0.12142,0.02922,2.56763,2.90903,3.10788,0.000504602,0.000504602,0.000504602
51,296.221,1.25928,1.57791,1.48504,0.29812,0.125,0.09657,0.02734,2.45289,2.98935,3.07402,0.000505,0.000505,0.000505
52,302.904,1.33484,1.41852,1.47276,0.29812,0.125,0.09657,0.02734,2.45289,2.98935,3.07402,0.000505002,0.000505002,0.000505002
53,309.43,1.4004,1.47818,1.59987,0.29812,0.125,0.09657,0.02734,2.45289,2.98935,3.07402,0.000504608,0.000504608,0.000504608
54,315.854,1.72526,1.84796,2.01401,0.4559,0.125,0.17054,0.04707,2.44584,2.86609,2.94491,0.000503818,0.000503818,0.000503818
55,321.942,1.4568,1.70047,1.73078,0.4559,0.125,0.17054,0.04707,2.44584,2.86609,2.94491,0.000502632,0.000502632,0.000502632
56,328.455,1.23692,1.74569,1.54522,0.4559,0.125,0.17054,0.04707,2.44584,2.86609,2.94491,0.00050105,0.00050105,0.00050105
57,335.191,1.46834,1.55004,1.67324,0.19613,0.375,0.23774,0.06268,2.41585,2.69647,2.81132,0.000499072,0.000499072,0.000499072
58,341.728,1.35821,1.40804,1.69188,0.19613,0.375,0.23774,0.06268,2.41585,2.69647,2.81132,0.000496698,0.000496698,0.000496698
59,348.005,1.10355,1.3917,1.44572,0.19613,0.375,0.23774,0.06268,2.41585,2.69647,2.81132,0.000493928,0.000493928,0.000493928
60,354.443,1.41483,1.53061,1.62792,0.22045,0.25,0.24014,0.08715,2.3093,2.57348,2.68115,0.000490762,0.000490762,0.000490762
61,361.348,1.14849,1.23502,1.4618,0.22045,0.25,0.24014,0.08715,2.3093,2.57348,2.68115,0.0004872,0.0004872,0.0004872
62,367.559,1.29802,1.66843,1.67604,0.22045,0.25,0.24014,0.08715,2.3093,2.57348,2.68115,0.000483242,0.000483242,0.000483242
63,373.886,1.08619,1.40003,1.61221,0.31506,0.25,0.24199,0.13223,2.29964,2.378,2.72637,0.000478888,0.000478888,0.000478888
64,380.061,1.17108,1.3289,1.49739,0.31506,0.25,0.24199,0.13223,2.29964,2.378,2.72637,0.000474138,0.000474138,0.000474138
65,386.158,1.41168,1.45205,1.65542,0.31506,0.25,0.24199,0.13223,2.29964,2.378,2.72637,0.000468992,0.000468992,0.000468992
66,392.643,1.23175,1.36701,1.53335,0.35629,0.48558,0.30832,0.12289,2.33656,2.27318,2.74519,0.00046345,0.00046345,0.00046345
67,399.358,1.3178,1.41068,1.48432,0.35629,0.48558,0.30832,0.12289,2.33656,2.27318,2.74519,0.000457512,0.000457512,0.000457512
68,405.282,1.2312,1.75522,1.60145,0.35629,0.48558,0.30832,0.12289,2.33656,2.27318,2.74519,0.000451178,0.000451178,0.000451178
69,412.031,1.47589,1.49805,1.67093,0.58788,0.25,0.31634,0.15936,2.14984,2.27301,2.3888,0.000444448,0.000444448,0.000444448
70,418.509,1.2339,1.30002,1.51858,0.58788,0.25,0.31634,0.15936,2.14984,2.27301,2.3888,0.000437322,0.000437322,0.000437322
71,424.808,1.41755,1.38039,1.49271,0.58788,0.25,0.31634,0.15936,2.14984,2.27301,2.3888,0.0004298,0.0004298,0.0004298
72,431.365,1.31556,1.54585,1.59357,0.37413,0.25,0.20358,0.12013,1.93072,2.38711,2.11273,0.000421882,0.000421882,0.000421882
73,437.413,1.17192,1.31285,1.47943,0.37413,0.25,0.20358,0.12013,1.93072,2.38711,2.11273,0.000413568,0.000413568,0.000413568
74,443.822,1.23891,1.45068,1.54635,0.37413,0.25,0.20358,0.12013,1.93072,2.38711,2.11273,0.000404858,0.000404858,0.000404858
75,450.395,1.29394,1.34138,1.57423,0.23249,0.375,0.22017,0.12457,1.84921,2.57289,2.1048,0.000395752,0.000395752,0.000395752
76,457.078,1.23233,1.42589,1.51898,0.23249,0.375,0.22017,0.12457,1.84921,2.57289,2.1048,0.00038625,0.00038625,0.00038625
77,462.991,1.57893,1.38301,1.90289,0.23249,0.375,0.22017,0.12457,1.84921,2.57289,2.1048,0.000376352,0.000376352,0.000376352
78,471.785,1.10902,1.32287,1.40568,0.23193,0.375,0.20806,0.12471,1.81092,2.56867,1.99042,0.000366058,0.000366058,0.000366058
79,478.424,1.21104,1.29089,1.49798,0.23193,0.375,0.20806,0.12471,1.81092,2.56867,1.99042,0.000355368,0.000355368,0.000355368
80,484.701,1.69204,1.72256,2.04753,0.23193,0.375,0.20806,0.12471,1.81092,2.56867,1.99042,0.000344282,0.000344282,0.000344282
81,489.043,1.20403,1.3712,1.5344,0.24853,0.625,0.23561,0.12397,1.91814,2.51153,2.08344,0.0003328,0.0003328,0.0003328
82,492.469,1.36767,1.19923,1.50191,0.24853,0.625,0.23561,0.12397,1.91814,2.51153,2.08344,0.000320922,0.000320922,0.000320922
83,496.056,1.18527,1.15195,1.40949,0.24853,0.625,0.23561,0.12397,1.91814,2.51153,2.08344,0.000308648,0.000308648,0.000308648
84,499.509,1.32277,1.61208,1.73711,0.2829,0.25,0.18952,0.09343,2.26151,2.49297,2.32368,0.000295978,0.000295978,0.000295978
85,504.04,1.08648,1.30815,1.40402,0.2829,0.25,0.18952,0.09343,2.26151,2.49297,2.32368,0.000282912,0.000282912,0.000282912
86,510.192,1.46619,1.69372,1.6807,0.2829,0.25,0.18952,0.09343,2.26151,2.49297,2.32368,0.00026945,0.00026945,0.00026945
87,516.426,1.58743,2.28642,1.81714,0.2829,0.25,0.18952,0.09343,2.26151,2.49297,2.32368,0.000255592,0.000255592,0.000255592
88,520.069,1.1842,1.1787,1.50501,0.22856,0.375,0.19232,0.06946,2.36463,2.58134,2.31692,0.000241338,0.000241338,0.000241338
89,523.829,1.45647,1.47745,1.57805,0.22856,0.375,0.19232,0.06946,2.36463,2.58134,2.31692,0.000226688,0.000226688,0.000226688
90,527.682,1.18833,1.46037,1.57738,0.22856,0.375,0.19232,0.06946,2.36463,2.58134,2.31692,0.000211642,0.000211642,0.000211642
91,531.223,1.15847,1.39547,1.64567,0.22856,0.375,0.19232,0.06946,2.36463,2.58134,2.31692,0.0001962,0.0001962,0.0001962
92,534.562,1.10883,1.43479,1.49407,0.28064,0.375,0.19314,0.06454,2.36749,2.58185,2.37655,0.000180362,0.000180362,0.000180362
93,538.239,0.97175,1.49274,1.34295,0.28064,0.375,0.19314,0.06454,2.36749,2.58185,2.37655,0.000164128,0.000164128,0.000164128
94,541.409,0.88921,1.45028,1.32481,0.28064,0.375,0.19314,0.06454,2.36749,2.58185,2.37655,0.000147498,0.000147498,0.000147498
95,545.518,1.00015,1.33013,1.44431,0.28064,0.375,0.19314,0.06454,2.36749,2.58185,2.37655,0.000130472,0.000130472,0.000130472
96,549.493,1.04965,1.40755,1.46789,0.2996,0.375,0.19475,0.05825,2.37303,2.47262,2.36258,0.00011305,0.00011305,0.00011305
97,552.944,1.05057,1.52815,1.55644,0.2996,0.375,0.19475,0.05825,2.37303,2.47262,2.36258,9.5232e-05,9.5232e-05,9.5232e-05
98,556.251,1.45582,1.42423,1.66536,0.2996,0.375,0.19475,0.05825,2.37303,2.47262,2.36258,7.7018e-05,7.7018e-05,7.7018e-05
99,560.519,1.02931,1.44168,1.48939,0.2996,0.375,0.19475,0.05825,2.37303,2.47262,2.36258,5.8408e-05,5.8408e-05,5.8408e-05
100,567.13,0.92755,1.35761,1.32747,0.34558,0.375,0.21484,0.05948,2.41026,2.41459,2.36174,3.9402e-05,3.9402e-05,3.9402e-05
